name,type,direction,description
smiles_000,string,,Generated molecule index 0 using the SAFE scaffold morphing method
smiles_001,string,,Generated molecule index 1 using the SAFE scaffold morphing method
smiles_002,string,,Generated molecule index 2 using the SAFE scaffold morphing method
smiles_003,string,,Generated molecule index 3 using the SAFE scaffold morphing method
smiles_004,string,,Generated molecule index 4 using the SAFE scaffold morphing method
smiles_005,string,,Generated molecule index 5 using the SAFE scaffold morphing method
smiles_006,string,,Generated molecule index 6 using the SAFE scaffold morphing method
smiles_007,string,,Generated molecule index 7 using the SAFE scaffold morphing method
smiles_008,string,,Generated molecule index 8 using the SAFE scaffold morphing method
smiles_009,string,,Generated molecule index 9 using the SAFE scaffold morphing method
smiles_010,string,,Generated molecule index 10 using the SAFE scaffold morphing method
smiles_011,string,,Generated molecule index 11 using the SAFE scaffold morphing method
smiles_012,string,,Generated molecule index 12 using the SAFE scaffold morphing method
smiles_013,string,,Generated molecule index 13 using the SAFE scaffold morphing method
smiles_014,string,,Generated molecule index 14 using the SAFE scaffold morphing method
smiles_015,string,,Generated molecule index 15 using the SAFE scaffold morphing method
smiles_016,string,,Generated molecule index 16 using the SAFE scaffold morphing method
smiles_017,string,,Generated molecule index 17 using the SAFE scaffold morphing method
smiles_018,string,,Generated molecule index 18 using the SAFE scaffold morphing method
smiles_019,string,,Generated molecule index 19 using the SAFE scaffold morphing method
smiles_020,string,,Generated molecule index 20 using the SAFE scaffold morphing method
smiles_021,string,,Generated molecule index 21 using the SAFE scaffold morphing method
smiles_022,string,,Generated molecule index 22 using the SAFE scaffold morphing method
smiles_023,string,,Generated molecule index 23 using the SAFE scaffold morphing method
smiles_024,string,,Generated molecule index 24 using the SAFE scaffold morphing method
smiles_025,string,,Generated molecule index 25 using the SAFE scaffold morphing method
smiles_026,string,,Generated molecule index 26 using the SAFE scaffold morphing method
smiles_027,string,,Generated molecule index 27 using the SAFE scaffold morphing method
smiles_028,string,,Generated molecule index 28 using the SAFE scaffold morphing method
smiles_029,string,,Generated molecule index 29 using the SAFE scaffold morphing method
smiles_030,string,,Generated molecule index 30 using the SAFE scaffold morphing method
smiles_031,string,,Generated molecule index 31 using the SAFE scaffold morphing method
smiles_032,string,,Generated molecule index 32 using the SAFE scaffold morphing method
smiles_033,string,,Generated molecule index 33 using the SAFE scaffold morphing method
smiles_034,string,,Generated molecule index 34 using the SAFE scaffold morphing method
smiles_035,string,,Generated molecule index 35 using the SAFE scaffold morphing method
smiles_036,string,,Generated molecule index 36 using the SAFE scaffold morphing method
smiles_037,string,,Generated molecule index 37 using the SAFE scaffold morphing method
smiles_038,string,,Generated molecule index 38 using the SAFE scaffold morphing method
smiles_039,string,,Generated molecule index 39 using the SAFE scaffold morphing method
smiles_040,string,,Generated molecule index 40 using the SAFE scaffold morphing method
smiles_041,string,,Generated molecule index 41 using the SAFE scaffold morphing method
smiles_042,string,,Generated molecule index 42 using the SAFE scaffold morphing method
smiles_043,string,,Generated molecule index 43 using the SAFE scaffold morphing method
smiles_044,string,,Generated molecule index 44 using the SAFE scaffold morphing method
smiles_045,string,,Generated molecule index 45 using the SAFE scaffold morphing method
smiles_046,string,,Generated molecule index 46 using the SAFE scaffold morphing method
smiles_047,string,,Generated molecule index 47 using the SAFE scaffold morphing method
smiles_048,string,,Generated molecule index 48 using the SAFE scaffold morphing method
smiles_049,string,,Generated molecule index 49 using the SAFE scaffold morphing method
smiles_050,string,,Generated molecule index 50 using the SAFE scaffold morphing method
smiles_051,string,,Generated molecule index 51 using the SAFE scaffold morphing method
smiles_052,string,,Generated molecule index 52 using the SAFE scaffold morphing method
smiles_053,string,,Generated molecule index 53 using the SAFE scaffold morphing method
smiles_054,string,,Generated molecule index 54 using the SAFE scaffold morphing method
smiles_055,string,,Generated molecule index 55 using the SAFE scaffold morphing method
smiles_056,string,,Generated molecule index 56 using the SAFE scaffold morphing method
smiles_057,string,,Generated molecule index 57 using the SAFE scaffold morphing method
smiles_058,string,,Generated molecule index 58 using the SAFE scaffold morphing method
smiles_059,string,,Generated molecule index 59 using the SAFE scaffold morphing method
smiles_060,string,,Generated molecule index 60 using the SAFE scaffold morphing method
smiles_061,string,,Generated molecule index 61 using the SAFE scaffold morphing method
smiles_062,string,,Generated molecule index 62 using the SAFE scaffold morphing method
smiles_063,string,,Generated molecule index 63 using the SAFE scaffold morphing method
smiles_064,string,,Generated molecule index 64 using the SAFE scaffold morphing method
smiles_065,string,,Generated molecule index 65 using the SAFE scaffold morphing method
smiles_066,string,,Generated molecule index 66 using the SAFE scaffold morphing method
smiles_067,string,,Generated molecule index 67 using the SAFE scaffold morphing method
smiles_068,string,,Generated molecule index 68 using the SAFE scaffold morphing method
smiles_069,string,,Generated molecule index 69 using the SAFE scaffold morphing method
smiles_070,string,,Generated molecule index 70 using the SAFE scaffold morphing method
smiles_071,string,,Generated molecule index 71 using the SAFE scaffold morphing method
smiles_072,string,,Generated molecule index 72 using the SAFE scaffold morphing method
smiles_073,string,,Generated molecule index 73 using the SAFE scaffold morphing method
smiles_074,string,,Generated molecule index 74 using the SAFE scaffold morphing method
smiles_075,string,,Generated molecule index 75 using the SAFE scaffold morphing method
smiles_076,string,,Generated molecule index 76 using the SAFE scaffold morphing method
smiles_077,string,,Generated molecule index 77 using the SAFE scaffold morphing method
smiles_078,string,,Generated molecule index 78 using the SAFE scaffold morphing method
smiles_079,string,,Generated molecule index 79 using the SAFE scaffold morphing method
smiles_080,string,,Generated molecule index 80 using the SAFE scaffold morphing method
smiles_081,string,,Generated molecule index 81 using the SAFE scaffold morphing method
smiles_082,string,,Generated molecule index 82 using the SAFE scaffold morphing method
smiles_083,string,,Generated molecule index 83 using the SAFE scaffold morphing method
smiles_084,string,,Generated molecule index 84 using the SAFE scaffold morphing method
smiles_085,string,,Generated molecule index 85 using the SAFE scaffold morphing method
smiles_086,string,,Generated molecule index 86 using the SAFE scaffold morphing method
smiles_087,string,,Generated molecule index 87 using the SAFE scaffold morphing method
smiles_088,string,,Generated molecule index 88 using the SAFE scaffold morphing method
smiles_089,string,,Generated molecule index 89 using the SAFE scaffold morphing method
smiles_090,string,,Generated molecule index 90 using the SAFE scaffold morphing method
smiles_091,string,,Generated molecule index 91 using the SAFE scaffold morphing method
smiles_092,string,,Generated molecule index 92 using the SAFE scaffold morphing method
smiles_093,string,,Generated molecule index 93 using the SAFE scaffold morphing method
smiles_094,string,,Generated molecule index 94 using the SAFE scaffold morphing method
smiles_095,string,,Generated molecule index 95 using the SAFE scaffold morphing method
smiles_096,string,,Generated molecule index 96 using the SAFE scaffold morphing method
smiles_097,string,,Generated molecule index 97 using the SAFE scaffold morphing method
smiles_098,string,,Generated molecule index 98 using the SAFE scaffold morphing method
smiles_099,string,,Generated molecule index 99 using the SAFE scaffold morphing method
smiles_100,string,,Generated molecule index 100 using the SAFE scaffold morphing method
smiles_101,string,,Generated molecule index 101 using the SAFE scaffold morphing method
smiles_102,string,,Generated molecule index 102 using the SAFE scaffold morphing method
smiles_103,string,,Generated molecule index 103 using the SAFE scaffold morphing method
smiles_104,string,,Generated molecule index 104 using the SAFE scaffold morphing method
smiles_105,string,,Generated molecule index 105 using the SAFE scaffold morphing method
smiles_106,string,,Generated molecule index 106 using the SAFE scaffold morphing method
smiles_107,string,,Generated molecule index 107 using the SAFE scaffold morphing method
smiles_108,string,,Generated molecule index 108 using the SAFE scaffold morphing method
smiles_109,string,,Generated molecule index 109 using the SAFE scaffold morphing method
smiles_110,string,,Generated molecule index 110 using the SAFE scaffold morphing method
smiles_111,string,,Generated molecule index 111 using the SAFE scaffold morphing method
smiles_112,string,,Generated molecule index 112 using the SAFE scaffold morphing method
smiles_113,string,,Generated molecule index 113 using the SAFE scaffold morphing method
smiles_114,string,,Generated molecule index 114 using the SAFE scaffold morphing method
smiles_115,string,,Generated molecule index 115 using the SAFE scaffold morphing method
smiles_116,string,,Generated molecule index 116 using the SAFE scaffold morphing method
smiles_117,string,,Generated molecule index 117 using the SAFE scaffold morphing method
smiles_118,string,,Generated molecule index 118 using the SAFE scaffold morphing method
smiles_119,string,,Generated molecule index 119 using the SAFE scaffold morphing method
smiles_120,string,,Generated molecule index 120 using the SAFE scaffold morphing method
smiles_121,string,,Generated molecule index 121 using the SAFE scaffold morphing method
smiles_122,string,,Generated molecule index 122 using the SAFE scaffold morphing method
smiles_123,string,,Generated molecule index 123 using the SAFE scaffold morphing method
smiles_124,string,,Generated molecule index 124 using the SAFE scaffold morphing method
smiles_125,string,,Generated molecule index 125 using the SAFE scaffold morphing method
smiles_126,string,,Generated molecule index 126 using the SAFE scaffold morphing method
smiles_127,string,,Generated molecule index 127 using the SAFE scaffold morphing method
smiles_128,string,,Generated molecule index 128 using the SAFE scaffold morphing method
smiles_129,string,,Generated molecule index 129 using the SAFE scaffold morphing method
smiles_130,string,,Generated molecule index 130 using the SAFE scaffold morphing method
smiles_131,string,,Generated molecule index 131 using the SAFE scaffold morphing method
smiles_132,string,,Generated molecule index 132 using the SAFE scaffold morphing method
smiles_133,string,,Generated molecule index 133 using the SAFE scaffold morphing method
smiles_134,string,,Generated molecule index 134 using the SAFE scaffold morphing method
smiles_135,string,,Generated molecule index 135 using the SAFE scaffold morphing method
smiles_136,string,,Generated molecule index 136 using the SAFE scaffold morphing method
smiles_137,string,,Generated molecule index 137 using the SAFE scaffold morphing method
smiles_138,string,,Generated molecule index 138 using the SAFE scaffold morphing method
smiles_139,string,,Generated molecule index 139 using the SAFE scaffold morphing method
smiles_140,string,,Generated molecule index 140 using the SAFE scaffold morphing method
smiles_141,string,,Generated molecule index 141 using the SAFE scaffold morphing method
smiles_142,string,,Generated molecule index 142 using the SAFE scaffold morphing method
smiles_143,string,,Generated molecule index 143 using the SAFE scaffold morphing method
smiles_144,string,,Generated molecule index 144 using the SAFE scaffold morphing method
smiles_145,string,,Generated molecule index 145 using the SAFE scaffold morphing method
smiles_146,string,,Generated molecule index 146 using the SAFE scaffold morphing method
smiles_147,string,,Generated molecule index 147 using the SAFE scaffold morphing method
smiles_148,string,,Generated molecule index 148 using the SAFE scaffold morphing method
smiles_149,string,,Generated molecule index 149 using the SAFE scaffold morphing method
smiles_150,string,,Generated molecule index 150 using the SAFE scaffold morphing method
smiles_151,string,,Generated molecule index 151 using the SAFE scaffold morphing method
smiles_152,string,,Generated molecule index 152 using the SAFE scaffold morphing method
smiles_153,string,,Generated molecule index 153 using the SAFE scaffold morphing method
smiles_154,string,,Generated molecule index 154 using the SAFE scaffold morphing method
smiles_155,string,,Generated molecule index 155 using the SAFE scaffold morphing method
smiles_156,string,,Generated molecule index 156 using the SAFE scaffold morphing method
smiles_157,string,,Generated molecule index 157 using the SAFE scaffold morphing method
smiles_158,string,,Generated molecule index 158 using the SAFE scaffold morphing method
smiles_159,string,,Generated molecule index 159 using the SAFE scaffold morphing method
smiles_160,string,,Generated molecule index 160 using the SAFE scaffold morphing method
smiles_161,string,,Generated molecule index 161 using the SAFE scaffold morphing method
smiles_162,string,,Generated molecule index 162 using the SAFE scaffold morphing method
smiles_163,string,,Generated molecule index 163 using the SAFE scaffold morphing method
smiles_164,string,,Generated molecule index 164 using the SAFE scaffold morphing method
smiles_165,string,,Generated molecule index 165 using the SAFE scaffold morphing method
smiles_166,string,,Generated molecule index 166 using the SAFE scaffold morphing method
smiles_167,string,,Generated molecule index 167 using the SAFE scaffold morphing method
smiles_168,string,,Generated molecule index 168 using the SAFE scaffold morphing method
smiles_169,string,,Generated molecule index 169 using the SAFE scaffold morphing method
smiles_170,string,,Generated molecule index 170 using the SAFE scaffold morphing method
smiles_171,string,,Generated molecule index 171 using the SAFE scaffold morphing method
smiles_172,string,,Generated molecule index 172 using the SAFE scaffold morphing method
smiles_173,string,,Generated molecule index 173 using the SAFE scaffold morphing method
smiles_174,string,,Generated molecule index 174 using the SAFE scaffold morphing method
smiles_175,string,,Generated molecule index 175 using the SAFE scaffold morphing method
smiles_176,string,,Generated molecule index 176 using the SAFE scaffold morphing method
smiles_177,string,,Generated molecule index 177 using the SAFE scaffold morphing method
smiles_178,string,,Generated molecule index 178 using the SAFE scaffold morphing method
smiles_179,string,,Generated molecule index 179 using the SAFE scaffold morphing method
smiles_180,string,,Generated molecule index 180 using the SAFE scaffold morphing method
smiles_181,string,,Generated molecule index 181 using the SAFE scaffold morphing method
smiles_182,string,,Generated molecule index 182 using the SAFE scaffold morphing method
smiles_183,string,,Generated molecule index 183 using the SAFE scaffold morphing method
smiles_184,string,,Generated molecule index 184 using the SAFE scaffold morphing method
smiles_185,string,,Generated molecule index 185 using the SAFE scaffold morphing method
smiles_186,string,,Generated molecule index 186 using the SAFE scaffold morphing method
smiles_187,string,,Generated molecule index 187 using the SAFE scaffold morphing method
smiles_188,string,,Generated molecule index 188 using the SAFE scaffold morphing method
smiles_189,string,,Generated molecule index 189 using the SAFE scaffold morphing method
smiles_190,string,,Generated molecule index 190 using the SAFE scaffold morphing method
smiles_191,string,,Generated molecule index 191 using the SAFE scaffold morphing method
smiles_192,string,,Generated molecule index 192 using the SAFE scaffold morphing method
smiles_193,string,,Generated molecule index 193 using the SAFE scaffold morphing method
smiles_194,string,,Generated molecule index 194 using the SAFE scaffold morphing method
smiles_195,string,,Generated molecule index 195 using the SAFE scaffold morphing method
smiles_196,string,,Generated molecule index 196 using the SAFE scaffold morphing method
smiles_197,string,,Generated molecule index 197 using the SAFE scaffold morphing method
smiles_198,string,,Generated molecule index 198 using the SAFE scaffold morphing method
smiles_199,string,,Generated molecule index 199 using the SAFE scaffold morphing method
smiles_200,string,,Generated molecule index 200 using the SAFE scaffold morphing method
smiles_201,string,,Generated molecule index 201 using the SAFE scaffold morphing method
smiles_202,string,,Generated molecule index 202 using the SAFE scaffold morphing method
smiles_203,string,,Generated molecule index 203 using the SAFE scaffold morphing method
smiles_204,string,,Generated molecule index 204 using the SAFE scaffold morphing method
smiles_205,string,,Generated molecule index 205 using the SAFE scaffold morphing method
smiles_206,string,,Generated molecule index 206 using the SAFE scaffold morphing method
smiles_207,string,,Generated molecule index 207 using the SAFE scaffold morphing method
smiles_208,string,,Generated molecule index 208 using the SAFE scaffold morphing method
smiles_209,string,,Generated molecule index 209 using the SAFE scaffold morphing method
smiles_210,string,,Generated molecule index 210 using the SAFE scaffold morphing method
smiles_211,string,,Generated molecule index 211 using the SAFE scaffold morphing method
smiles_212,string,,Generated molecule index 212 using the SAFE scaffold morphing method
smiles_213,string,,Generated molecule index 213 using the SAFE scaffold morphing method
smiles_214,string,,Generated molecule index 214 using the SAFE scaffold morphing method
smiles_215,string,,Generated molecule index 215 using the SAFE scaffold morphing method
smiles_216,string,,Generated molecule index 216 using the SAFE scaffold morphing method
smiles_217,string,,Generated molecule index 217 using the SAFE scaffold morphing method
smiles_218,string,,Generated molecule index 218 using the SAFE scaffold morphing method
smiles_219,string,,Generated molecule index 219 using the SAFE scaffold morphing method
smiles_220,string,,Generated molecule index 220 using the SAFE scaffold morphing method
smiles_221,string,,Generated molecule index 221 using the SAFE scaffold morphing method
smiles_222,string,,Generated molecule index 222 using the SAFE scaffold morphing method
smiles_223,string,,Generated molecule index 223 using the SAFE scaffold morphing method
smiles_224,string,,Generated molecule index 224 using the SAFE scaffold morphing method
smiles_225,string,,Generated molecule index 225 using the SAFE scaffold morphing method
smiles_226,string,,Generated molecule index 226 using the SAFE scaffold morphing method
smiles_227,string,,Generated molecule index 227 using the SAFE scaffold morphing method
smiles_228,string,,Generated molecule index 228 using the SAFE scaffold morphing method
smiles_229,string,,Generated molecule index 229 using the SAFE scaffold morphing method
smiles_230,string,,Generated molecule index 230 using the SAFE scaffold morphing method
smiles_231,string,,Generated molecule index 231 using the SAFE scaffold morphing method
smiles_232,string,,Generated molecule index 232 using the SAFE scaffold morphing method
smiles_233,string,,Generated molecule index 233 using the SAFE scaffold morphing method
smiles_234,string,,Generated molecule index 234 using the SAFE scaffold morphing method
smiles_235,string,,Generated molecule index 235 using the SAFE scaffold morphing method
smiles_236,string,,Generated molecule index 236 using the SAFE scaffold morphing method
smiles_237,string,,Generated molecule index 237 using the SAFE scaffold morphing method
smiles_238,string,,Generated molecule index 238 using the SAFE scaffold morphing method
smiles_239,string,,Generated molecule index 239 using the SAFE scaffold morphing method
smiles_240,string,,Generated molecule index 240 using the SAFE scaffold morphing method
smiles_241,string,,Generated molecule index 241 using the SAFE scaffold morphing method
smiles_242,string,,Generated molecule index 242 using the SAFE scaffold morphing method
smiles_243,string,,Generated molecule index 243 using the SAFE scaffold morphing method
smiles_244,string,,Generated molecule index 244 using the SAFE scaffold morphing method
smiles_245,string,,Generated molecule index 245 using the SAFE scaffold morphing method
smiles_246,string,,Generated molecule index 246 using the SAFE scaffold morphing method
smiles_247,string,,Generated molecule index 247 using the SAFE scaffold morphing method
smiles_248,string,,Generated molecule index 248 using the SAFE scaffold morphing method
smiles_249,string,,Generated molecule index 249 using the SAFE scaffold morphing method
smiles_250,string,,Generated molecule index 250 using the SAFE scaffold morphing method
smiles_251,string,,Generated molecule index 251 using the SAFE scaffold morphing method
smiles_252,string,,Generated molecule index 252 using the SAFE scaffold morphing method
smiles_253,string,,Generated molecule index 253 using the SAFE scaffold morphing method
smiles_254,string,,Generated molecule index 254 using the SAFE scaffold morphing method
smiles_255,string,,Generated molecule index 255 using the SAFE scaffold morphing method
smiles_256,string,,Generated molecule index 256 using the SAFE scaffold morphing method
smiles_257,string,,Generated molecule index 257 using the SAFE scaffold morphing method
smiles_258,string,,Generated molecule index 258 using the SAFE scaffold morphing method
smiles_259,string,,Generated molecule index 259 using the SAFE scaffold morphing method
smiles_260,string,,Generated molecule index 260 using the SAFE scaffold morphing method
smiles_261,string,,Generated molecule index 261 using the SAFE scaffold morphing method
smiles_262,string,,Generated molecule index 262 using the SAFE scaffold morphing method
smiles_263,string,,Generated molecule index 263 using the SAFE scaffold morphing method
smiles_264,string,,Generated molecule index 264 using the SAFE scaffold morphing method
smiles_265,string,,Generated molecule index 265 using the SAFE scaffold morphing method
smiles_266,string,,Generated molecule index 266 using the SAFE scaffold morphing method
smiles_267,string,,Generated molecule index 267 using the SAFE scaffold morphing method
smiles_268,string,,Generated molecule index 268 using the SAFE scaffold morphing method
smiles_269,string,,Generated molecule index 269 using the SAFE scaffold morphing method
smiles_270,string,,Generated molecule index 270 using the SAFE scaffold morphing method
smiles_271,string,,Generated molecule index 271 using the SAFE scaffold morphing method
smiles_272,string,,Generated molecule index 272 using the SAFE scaffold morphing method
smiles_273,string,,Generated molecule index 273 using the SAFE scaffold morphing method
smiles_274,string,,Generated molecule index 274 using the SAFE scaffold morphing method
smiles_275,string,,Generated molecule index 275 using the SAFE scaffold morphing method
smiles_276,string,,Generated molecule index 276 using the SAFE scaffold morphing method
smiles_277,string,,Generated molecule index 277 using the SAFE scaffold morphing method
smiles_278,string,,Generated molecule index 278 using the SAFE scaffold morphing method
smiles_279,string,,Generated molecule index 279 using the SAFE scaffold morphing method
smiles_280,string,,Generated molecule index 280 using the SAFE scaffold morphing method
smiles_281,string,,Generated molecule index 281 using the SAFE scaffold morphing method
smiles_282,string,,Generated molecule index 282 using the SAFE scaffold morphing method
smiles_283,string,,Generated molecule index 283 using the SAFE scaffold morphing method
smiles_284,string,,Generated molecule index 284 using the SAFE scaffold morphing method
smiles_285,string,,Generated molecule index 285 using the SAFE scaffold morphing method
smiles_286,string,,Generated molecule index 286 using the SAFE scaffold morphing method
smiles_287,string,,Generated molecule index 287 using the SAFE scaffold morphing method
smiles_288,string,,Generated molecule index 288 using the SAFE scaffold morphing method
smiles_289,string,,Generated molecule index 289 using the SAFE scaffold morphing method
smiles_290,string,,Generated molecule index 290 using the SAFE scaffold morphing method
smiles_291,string,,Generated molecule index 291 using the SAFE scaffold morphing method
smiles_292,string,,Generated molecule index 292 using the SAFE scaffold morphing method
smiles_293,string,,Generated molecule index 293 using the SAFE scaffold morphing method
smiles_294,string,,Generated molecule index 294 using the SAFE scaffold morphing method
smiles_295,string,,Generated molecule index 295 using the SAFE scaffold morphing method
smiles_296,string,,Generated molecule index 296 using the SAFE scaffold morphing method
smiles_297,string,,Generated molecule index 297 using the SAFE scaffold morphing method
smiles_298,string,,Generated molecule index 298 using the SAFE scaffold morphing method
smiles_299,string,,Generated molecule index 299 using the SAFE scaffold morphing method
smiles_300,string,,Generated molecule index 300 using the SAFE scaffold morphing method
smiles_301,string,,Generated molecule index 301 using the SAFE scaffold morphing method
smiles_302,string,,Generated molecule index 302 using the SAFE scaffold morphing method
smiles_303,string,,Generated molecule index 303 using the SAFE scaffold morphing method
smiles_304,string,,Generated molecule index 304 using the SAFE scaffold morphing method
smiles_305,string,,Generated molecule index 305 using the SAFE scaffold morphing method
smiles_306,string,,Generated molecule index 306 using the SAFE scaffold morphing method
smiles_307,string,,Generated molecule index 307 using the SAFE scaffold morphing method
smiles_308,string,,Generated molecule index 308 using the SAFE scaffold morphing method
smiles_309,string,,Generated molecule index 309 using the SAFE scaffold morphing method
smiles_310,string,,Generated molecule index 310 using the SAFE scaffold morphing method
smiles_311,string,,Generated molecule index 311 using the SAFE scaffold morphing method
smiles_312,string,,Generated molecule index 312 using the SAFE scaffold morphing method
smiles_313,string,,Generated molecule index 313 using the SAFE scaffold morphing method
smiles_314,string,,Generated molecule index 314 using the SAFE scaffold morphing method
smiles_315,string,,Generated molecule index 315 using the SAFE scaffold morphing method
smiles_316,string,,Generated molecule index 316 using the SAFE scaffold morphing method
smiles_317,string,,Generated molecule index 317 using the SAFE scaffold morphing method
smiles_318,string,,Generated molecule index 318 using the SAFE scaffold morphing method
smiles_319,string,,Generated molecule index 319 using the SAFE scaffold morphing method
smiles_320,string,,Generated molecule index 320 using the SAFE scaffold morphing method
smiles_321,string,,Generated molecule index 321 using the SAFE scaffold morphing method
smiles_322,string,,Generated molecule index 322 using the SAFE scaffold morphing method
smiles_323,string,,Generated molecule index 323 using the SAFE scaffold morphing method
smiles_324,string,,Generated molecule index 324 using the SAFE scaffold morphing method
smiles_325,string,,Generated molecule index 325 using the SAFE scaffold morphing method
smiles_326,string,,Generated molecule index 326 using the SAFE scaffold morphing method
smiles_327,string,,Generated molecule index 327 using the SAFE scaffold morphing method
smiles_328,string,,Generated molecule index 328 using the SAFE scaffold morphing method
smiles_329,string,,Generated molecule index 329 using the SAFE scaffold morphing method
smiles_330,string,,Generated molecule index 330 using the SAFE scaffold morphing method
smiles_331,string,,Generated molecule index 331 using the SAFE scaffold morphing method
smiles_332,string,,Generated molecule index 332 using the SAFE scaffold morphing method
smiles_333,string,,Generated molecule index 333 using the SAFE scaffold morphing method
smiles_334,string,,Generated molecule index 334 using the SAFE scaffold morphing method
smiles_335,string,,Generated molecule index 335 using the SAFE scaffold morphing method
smiles_336,string,,Generated molecule index 336 using the SAFE scaffold morphing method
smiles_337,string,,Generated molecule index 337 using the SAFE scaffold morphing method
smiles_338,string,,Generated molecule index 338 using the SAFE scaffold morphing method
smiles_339,string,,Generated molecule index 339 using the SAFE scaffold morphing method
smiles_340,string,,Generated molecule index 340 using the SAFE scaffold morphing method
smiles_341,string,,Generated molecule index 341 using the SAFE scaffold morphing method
smiles_342,string,,Generated molecule index 342 using the SAFE scaffold morphing method
smiles_343,string,,Generated molecule index 343 using the SAFE scaffold morphing method
smiles_344,string,,Generated molecule index 344 using the SAFE scaffold morphing method
smiles_345,string,,Generated molecule index 345 using the SAFE scaffold morphing method
smiles_346,string,,Generated molecule index 346 using the SAFE scaffold morphing method
smiles_347,string,,Generated molecule index 347 using the SAFE scaffold morphing method
smiles_348,string,,Generated molecule index 348 using the SAFE scaffold morphing method
smiles_349,string,,Generated molecule index 349 using the SAFE scaffold morphing method
smiles_350,string,,Generated molecule index 350 using the SAFE scaffold morphing method
smiles_351,string,,Generated molecule index 351 using the SAFE scaffold morphing method
smiles_352,string,,Generated molecule index 352 using the SAFE scaffold morphing method
smiles_353,string,,Generated molecule index 353 using the SAFE scaffold morphing method
smiles_354,string,,Generated molecule index 354 using the SAFE scaffold morphing method
smiles_355,string,,Generated molecule index 355 using the SAFE scaffold morphing method
smiles_356,string,,Generated molecule index 356 using the SAFE scaffold morphing method
smiles_357,string,,Generated molecule index 357 using the SAFE scaffold morphing method
smiles_358,string,,Generated molecule index 358 using the SAFE scaffold morphing method
smiles_359,string,,Generated molecule index 359 using the SAFE scaffold morphing method
smiles_360,string,,Generated molecule index 360 using the SAFE scaffold morphing method
smiles_361,string,,Generated molecule index 361 using the SAFE scaffold morphing method
smiles_362,string,,Generated molecule index 362 using the SAFE scaffold morphing method
smiles_363,string,,Generated molecule index 363 using the SAFE scaffold morphing method
smiles_364,string,,Generated molecule index 364 using the SAFE scaffold morphing method
smiles_365,string,,Generated molecule index 365 using the SAFE scaffold morphing method
smiles_366,string,,Generated molecule index 366 using the SAFE scaffold morphing method
smiles_367,string,,Generated molecule index 367 using the SAFE scaffold morphing method
smiles_368,string,,Generated molecule index 368 using the SAFE scaffold morphing method
smiles_369,string,,Generated molecule index 369 using the SAFE scaffold morphing method
smiles_370,string,,Generated molecule index 370 using the SAFE scaffold morphing method
smiles_371,string,,Generated molecule index 371 using the SAFE scaffold morphing method
smiles_372,string,,Generated molecule index 372 using the SAFE scaffold morphing method
smiles_373,string,,Generated molecule index 373 using the SAFE scaffold morphing method
smiles_374,string,,Generated molecule index 374 using the SAFE scaffold morphing method
smiles_375,string,,Generated molecule index 375 using the SAFE scaffold morphing method
smiles_376,string,,Generated molecule index 376 using the SAFE scaffold morphing method
smiles_377,string,,Generated molecule index 377 using the SAFE scaffold morphing method
smiles_378,string,,Generated molecule index 378 using the SAFE scaffold morphing method
smiles_379,string,,Generated molecule index 379 using the SAFE scaffold morphing method
smiles_380,string,,Generated molecule index 380 using the SAFE scaffold morphing method
smiles_381,string,,Generated molecule index 381 using the SAFE scaffold morphing method
smiles_382,string,,Generated molecule index 382 using the SAFE scaffold morphing method
smiles_383,string,,Generated molecule index 383 using the SAFE scaffold morphing method
smiles_384,string,,Generated molecule index 384 using the SAFE scaffold morphing method
smiles_385,string,,Generated molecule index 385 using the SAFE scaffold morphing method
smiles_386,string,,Generated molecule index 386 using the SAFE scaffold morphing method
smiles_387,string,,Generated molecule index 387 using the SAFE scaffold morphing method
smiles_388,string,,Generated molecule index 388 using the SAFE scaffold morphing method
smiles_389,string,,Generated molecule index 389 using the SAFE scaffold morphing method
smiles_390,string,,Generated molecule index 390 using the SAFE scaffold morphing method
smiles_391,string,,Generated molecule index 391 using the SAFE scaffold morphing method
smiles_392,string,,Generated molecule index 392 using the SAFE scaffold morphing method
smiles_393,string,,Generated molecule index 393 using the SAFE scaffold morphing method
smiles_394,string,,Generated molecule index 394 using the SAFE scaffold morphing method
smiles_395,string,,Generated molecule index 395 using the SAFE scaffold morphing method
smiles_396,string,,Generated molecule index 396 using the SAFE scaffold morphing method
smiles_397,string,,Generated molecule index 397 using the SAFE scaffold morphing method
smiles_398,string,,Generated molecule index 398 using the SAFE scaffold morphing method
smiles_399,string,,Generated molecule index 399 using the SAFE scaffold morphing method
smiles_400,string,,Generated molecule index 400 using the SAFE scaffold morphing method
smiles_401,string,,Generated molecule index 401 using the SAFE scaffold morphing method
smiles_402,string,,Generated molecule index 402 using the SAFE scaffold morphing method
smiles_403,string,,Generated molecule index 403 using the SAFE scaffold morphing method
smiles_404,string,,Generated molecule index 404 using the SAFE scaffold morphing method
smiles_405,string,,Generated molecule index 405 using the SAFE scaffold morphing method
smiles_406,string,,Generated molecule index 406 using the SAFE scaffold morphing method
smiles_407,string,,Generated molecule index 407 using the SAFE scaffold morphing method
smiles_408,string,,Generated molecule index 408 using the SAFE scaffold morphing method
smiles_409,string,,Generated molecule index 409 using the SAFE scaffold morphing method
smiles_410,string,,Generated molecule index 410 using the SAFE scaffold morphing method
smiles_411,string,,Generated molecule index 411 using the SAFE scaffold morphing method
smiles_412,string,,Generated molecule index 412 using the SAFE scaffold morphing method
smiles_413,string,,Generated molecule index 413 using the SAFE scaffold morphing method
smiles_414,string,,Generated molecule index 414 using the SAFE scaffold morphing method
smiles_415,string,,Generated molecule index 415 using the SAFE scaffold morphing method
smiles_416,string,,Generated molecule index 416 using the SAFE scaffold morphing method
smiles_417,string,,Generated molecule index 417 using the SAFE scaffold morphing method
smiles_418,string,,Generated molecule index 418 using the SAFE scaffold morphing method
smiles_419,string,,Generated molecule index 419 using the SAFE scaffold morphing method
smiles_420,string,,Generated molecule index 420 using the SAFE scaffold morphing method
smiles_421,string,,Generated molecule index 421 using the SAFE scaffold morphing method
smiles_422,string,,Generated molecule index 422 using the SAFE scaffold morphing method
smiles_423,string,,Generated molecule index 423 using the SAFE scaffold morphing method
smiles_424,string,,Generated molecule index 424 using the SAFE scaffold morphing method
smiles_425,string,,Generated molecule index 425 using the SAFE scaffold morphing method
smiles_426,string,,Generated molecule index 426 using the SAFE scaffold morphing method
smiles_427,string,,Generated molecule index 427 using the SAFE scaffold morphing method
smiles_428,string,,Generated molecule index 428 using the SAFE scaffold morphing method
smiles_429,string,,Generated molecule index 429 using the SAFE scaffold morphing method
smiles_430,string,,Generated molecule index 430 using the SAFE scaffold morphing method
smiles_431,string,,Generated molecule index 431 using the SAFE scaffold morphing method
smiles_432,string,,Generated molecule index 432 using the SAFE scaffold morphing method
smiles_433,string,,Generated molecule index 433 using the SAFE scaffold morphing method
smiles_434,string,,Generated molecule index 434 using the SAFE scaffold morphing method
smiles_435,string,,Generated molecule index 435 using the SAFE scaffold morphing method
smiles_436,string,,Generated molecule index 436 using the SAFE scaffold morphing method
smiles_437,string,,Generated molecule index 437 using the SAFE scaffold morphing method
smiles_438,string,,Generated molecule index 438 using the SAFE scaffold morphing method
smiles_439,string,,Generated molecule index 439 using the SAFE scaffold morphing method
smiles_440,string,,Generated molecule index 440 using the SAFE scaffold morphing method
smiles_441,string,,Generated molecule index 441 using the SAFE scaffold morphing method
smiles_442,string,,Generated molecule index 442 using the SAFE scaffold morphing method
smiles_443,string,,Generated molecule index 443 using the SAFE scaffold morphing method
smiles_444,string,,Generated molecule index 444 using the SAFE scaffold morphing method
smiles_445,string,,Generated molecule index 445 using the SAFE scaffold morphing method
smiles_446,string,,Generated molecule index 446 using the SAFE scaffold morphing method
smiles_447,string,,Generated molecule index 447 using the SAFE scaffold morphing method
smiles_448,string,,Generated molecule index 448 using the SAFE scaffold morphing method
smiles_449,string,,Generated molecule index 449 using the SAFE scaffold morphing method
smiles_450,string,,Generated molecule index 450 using the SAFE scaffold morphing method
smiles_451,string,,Generated molecule index 451 using the SAFE scaffold morphing method
smiles_452,string,,Generated molecule index 452 using the SAFE scaffold morphing method
smiles_453,string,,Generated molecule index 453 using the SAFE scaffold morphing method
smiles_454,string,,Generated molecule index 454 using the SAFE scaffold morphing method
smiles_455,string,,Generated molecule index 455 using the SAFE scaffold morphing method
smiles_456,string,,Generated molecule index 456 using the SAFE scaffold morphing method
smiles_457,string,,Generated molecule index 457 using the SAFE scaffold morphing method
smiles_458,string,,Generated molecule index 458 using the SAFE scaffold morphing method
smiles_459,string,,Generated molecule index 459 using the SAFE scaffold morphing method
smiles_460,string,,Generated molecule index 460 using the SAFE scaffold morphing method
smiles_461,string,,Generated molecule index 461 using the SAFE scaffold morphing method
smiles_462,string,,Generated molecule index 462 using the SAFE scaffold morphing method
smiles_463,string,,Generated molecule index 463 using the SAFE scaffold morphing method
smiles_464,string,,Generated molecule index 464 using the SAFE scaffold morphing method
smiles_465,string,,Generated molecule index 465 using the SAFE scaffold morphing method
smiles_466,string,,Generated molecule index 466 using the SAFE scaffold morphing method
smiles_467,string,,Generated molecule index 467 using the SAFE scaffold morphing method
smiles_468,string,,Generated molecule index 468 using the SAFE scaffold morphing method
smiles_469,string,,Generated molecule index 469 using the SAFE scaffold morphing method
smiles_470,string,,Generated molecule index 470 using the SAFE scaffold morphing method
smiles_471,string,,Generated molecule index 471 using the SAFE scaffold morphing method
smiles_472,string,,Generated molecule index 472 using the SAFE scaffold morphing method
smiles_473,string,,Generated molecule index 473 using the SAFE scaffold morphing method
smiles_474,string,,Generated molecule index 474 using the SAFE scaffold morphing method
smiles_475,string,,Generated molecule index 475 using the SAFE scaffold morphing method
smiles_476,string,,Generated molecule index 476 using the SAFE scaffold morphing method
smiles_477,string,,Generated molecule index 477 using the SAFE scaffold morphing method
smiles_478,string,,Generated molecule index 478 using the SAFE scaffold morphing method
smiles_479,string,,Generated molecule index 479 using the SAFE scaffold morphing method
smiles_480,string,,Generated molecule index 480 using the SAFE scaffold morphing method
smiles_481,string,,Generated molecule index 481 using the SAFE scaffold morphing method
smiles_482,string,,Generated molecule index 482 using the SAFE scaffold morphing method
smiles_483,string,,Generated molecule index 483 using the SAFE scaffold morphing method
smiles_484,string,,Generated molecule index 484 using the SAFE scaffold morphing method
smiles_485,string,,Generated molecule index 485 using the SAFE scaffold morphing method
smiles_486,string,,Generated molecule index 486 using the SAFE scaffold morphing method
smiles_487,string,,Generated molecule index 487 using the SAFE scaffold morphing method
smiles_488,string,,Generated molecule index 488 using the SAFE scaffold morphing method
smiles_489,string,,Generated molecule index 489 using the SAFE scaffold morphing method
smiles_490,string,,Generated molecule index 490 using the SAFE scaffold morphing method
smiles_491,string,,Generated molecule index 491 using the SAFE scaffold morphing method
smiles_492,string,,Generated molecule index 492 using the SAFE scaffold morphing method
smiles_493,string,,Generated molecule index 493 using the SAFE scaffold morphing method
smiles_494,string,,Generated molecule index 494 using the SAFE scaffold morphing method
smiles_495,string,,Generated molecule index 495 using the SAFE scaffold morphing method
smiles_496,string,,Generated molecule index 496 using the SAFE scaffold morphing method
smiles_497,string,,Generated molecule index 497 using the SAFE scaffold morphing method
smiles_498,string,,Generated molecule index 498 using the SAFE scaffold morphing method
smiles_499,string,,Generated molecule index 499 using the SAFE scaffold morphing method
smiles_500,string,,Generated molecule index 500 using the SAFE scaffold morphing method
smiles_501,string,,Generated molecule index 501 using the SAFE scaffold morphing method
smiles_502,string,,Generated molecule index 502 using the SAFE scaffold morphing method
smiles_503,string,,Generated molecule index 503 using the SAFE scaffold morphing method
smiles_504,string,,Generated molecule index 504 using the SAFE scaffold morphing method
smiles_505,string,,Generated molecule index 505 using the SAFE scaffold morphing method
smiles_506,string,,Generated molecule index 506 using the SAFE scaffold morphing method
smiles_507,string,,Generated molecule index 507 using the SAFE scaffold morphing method
smiles_508,string,,Generated molecule index 508 using the SAFE scaffold morphing method
smiles_509,string,,Generated molecule index 509 using the SAFE scaffold morphing method
smiles_510,string,,Generated molecule index 510 using the SAFE scaffold morphing method
smiles_511,string,,Generated molecule index 511 using the SAFE scaffold morphing method
smiles_512,string,,Generated molecule index 512 using the SAFE scaffold morphing method
smiles_513,string,,Generated molecule index 513 using the SAFE scaffold morphing method
smiles_514,string,,Generated molecule index 514 using the SAFE scaffold morphing method
smiles_515,string,,Generated molecule index 515 using the SAFE scaffold morphing method
smiles_516,string,,Generated molecule index 516 using the SAFE scaffold morphing method
smiles_517,string,,Generated molecule index 517 using the SAFE scaffold morphing method
smiles_518,string,,Generated molecule index 518 using the SAFE scaffold morphing method
smiles_519,string,,Generated molecule index 519 using the SAFE scaffold morphing method
smiles_520,string,,Generated molecule index 520 using the SAFE scaffold morphing method
smiles_521,string,,Generated molecule index 521 using the SAFE scaffold morphing method
smiles_522,string,,Generated molecule index 522 using the SAFE scaffold morphing method
smiles_523,string,,Generated molecule index 523 using the SAFE scaffold morphing method
smiles_524,string,,Generated molecule index 524 using the SAFE scaffold morphing method
smiles_525,string,,Generated molecule index 525 using the SAFE scaffold morphing method
smiles_526,string,,Generated molecule index 526 using the SAFE scaffold morphing method
smiles_527,string,,Generated molecule index 527 using the SAFE scaffold morphing method
smiles_528,string,,Generated molecule index 528 using the SAFE scaffold morphing method
smiles_529,string,,Generated molecule index 529 using the SAFE scaffold morphing method
smiles_530,string,,Generated molecule index 530 using the SAFE scaffold morphing method
smiles_531,string,,Generated molecule index 531 using the SAFE scaffold morphing method
smiles_532,string,,Generated molecule index 532 using the SAFE scaffold morphing method
smiles_533,string,,Generated molecule index 533 using the SAFE scaffold morphing method
smiles_534,string,,Generated molecule index 534 using the SAFE scaffold morphing method
smiles_535,string,,Generated molecule index 535 using the SAFE scaffold morphing method
smiles_536,string,,Generated molecule index 536 using the SAFE scaffold morphing method
smiles_537,string,,Generated molecule index 537 using the SAFE scaffold morphing method
smiles_538,string,,Generated molecule index 538 using the SAFE scaffold morphing method
smiles_539,string,,Generated molecule index 539 using the SAFE scaffold morphing method
smiles_540,string,,Generated molecule index 540 using the SAFE scaffold morphing method
smiles_541,string,,Generated molecule index 541 using the SAFE scaffold morphing method
smiles_542,string,,Generated molecule index 542 using the SAFE scaffold morphing method
smiles_543,string,,Generated molecule index 543 using the SAFE scaffold morphing method
smiles_544,string,,Generated molecule index 544 using the SAFE scaffold morphing method
smiles_545,string,,Generated molecule index 545 using the SAFE scaffold morphing method
smiles_546,string,,Generated molecule index 546 using the SAFE scaffold morphing method
smiles_547,string,,Generated molecule index 547 using the SAFE scaffold morphing method
smiles_548,string,,Generated molecule index 548 using the SAFE scaffold morphing method
smiles_549,string,,Generated molecule index 549 using the SAFE scaffold morphing method
smiles_550,string,,Generated molecule index 550 using the SAFE scaffold morphing method
smiles_551,string,,Generated molecule index 551 using the SAFE scaffold morphing method
smiles_552,string,,Generated molecule index 552 using the SAFE scaffold morphing method
smiles_553,string,,Generated molecule index 553 using the SAFE scaffold morphing method
smiles_554,string,,Generated molecule index 554 using the SAFE scaffold morphing method
smiles_555,string,,Generated molecule index 555 using the SAFE scaffold morphing method
smiles_556,string,,Generated molecule index 556 using the SAFE scaffold morphing method
smiles_557,string,,Generated molecule index 557 using the SAFE scaffold morphing method
smiles_558,string,,Generated molecule index 558 using the SAFE scaffold morphing method
smiles_559,string,,Generated molecule index 559 using the SAFE scaffold morphing method
smiles_560,string,,Generated molecule index 560 using the SAFE scaffold morphing method
smiles_561,string,,Generated molecule index 561 using the SAFE scaffold morphing method
smiles_562,string,,Generated molecule index 562 using the SAFE scaffold morphing method
smiles_563,string,,Generated molecule index 563 using the SAFE scaffold morphing method
smiles_564,string,,Generated molecule index 564 using the SAFE scaffold morphing method
smiles_565,string,,Generated molecule index 565 using the SAFE scaffold morphing method
smiles_566,string,,Generated molecule index 566 using the SAFE scaffold morphing method
smiles_567,string,,Generated molecule index 567 using the SAFE scaffold morphing method
smiles_568,string,,Generated molecule index 568 using the SAFE scaffold morphing method
smiles_569,string,,Generated molecule index 569 using the SAFE scaffold morphing method
smiles_570,string,,Generated molecule index 570 using the SAFE scaffold morphing method
smiles_571,string,,Generated molecule index 571 using the SAFE scaffold morphing method
smiles_572,string,,Generated molecule index 572 using the SAFE scaffold morphing method
smiles_573,string,,Generated molecule index 573 using the SAFE scaffold morphing method
smiles_574,string,,Generated molecule index 574 using the SAFE scaffold morphing method
smiles_575,string,,Generated molecule index 575 using the SAFE scaffold morphing method
smiles_576,string,,Generated molecule index 576 using the SAFE scaffold morphing method
smiles_577,string,,Generated molecule index 577 using the SAFE scaffold morphing method
smiles_578,string,,Generated molecule index 578 using the SAFE scaffold morphing method
smiles_579,string,,Generated molecule index 579 using the SAFE scaffold morphing method
smiles_580,string,,Generated molecule index 580 using the SAFE scaffold morphing method
smiles_581,string,,Generated molecule index 581 using the SAFE scaffold morphing method
smiles_582,string,,Generated molecule index 582 using the SAFE scaffold morphing method
smiles_583,string,,Generated molecule index 583 using the SAFE scaffold morphing method
smiles_584,string,,Generated molecule index 584 using the SAFE scaffold morphing method
smiles_585,string,,Generated molecule index 585 using the SAFE scaffold morphing method
smiles_586,string,,Generated molecule index 586 using the SAFE scaffold morphing method
smiles_587,string,,Generated molecule index 587 using the SAFE scaffold morphing method
smiles_588,string,,Generated molecule index 588 using the SAFE scaffold morphing method
smiles_589,string,,Generated molecule index 589 using the SAFE scaffold morphing method
smiles_590,string,,Generated molecule index 590 using the SAFE scaffold morphing method
smiles_591,string,,Generated molecule index 591 using the SAFE scaffold morphing method
smiles_592,string,,Generated molecule index 592 using the SAFE scaffold morphing method
smiles_593,string,,Generated molecule index 593 using the SAFE scaffold morphing method
smiles_594,string,,Generated molecule index 594 using the SAFE scaffold morphing method
smiles_595,string,,Generated molecule index 595 using the SAFE scaffold morphing method
smiles_596,string,,Generated molecule index 596 using the SAFE scaffold morphing method
smiles_597,string,,Generated molecule index 597 using the SAFE scaffold morphing method
smiles_598,string,,Generated molecule index 598 using the SAFE scaffold morphing method
smiles_599,string,,Generated molecule index 599 using the SAFE scaffold morphing method
smiles_600,string,,Generated molecule index 600 using the SAFE scaffold morphing method
smiles_601,string,,Generated molecule index 601 using the SAFE scaffold morphing method
smiles_602,string,,Generated molecule index 602 using the SAFE scaffold morphing method
smiles_603,string,,Generated molecule index 603 using the SAFE scaffold morphing method
smiles_604,string,,Generated molecule index 604 using the SAFE scaffold morphing method
smiles_605,string,,Generated molecule index 605 using the SAFE scaffold morphing method
smiles_606,string,,Generated molecule index 606 using the SAFE scaffold morphing method
smiles_607,string,,Generated molecule index 607 using the SAFE scaffold morphing method
smiles_608,string,,Generated molecule index 608 using the SAFE scaffold morphing method
smiles_609,string,,Generated molecule index 609 using the SAFE scaffold morphing method
smiles_610,string,,Generated molecule index 610 using the SAFE scaffold morphing method
smiles_611,string,,Generated molecule index 611 using the SAFE scaffold morphing method
smiles_612,string,,Generated molecule index 612 using the SAFE scaffold morphing method
smiles_613,string,,Generated molecule index 613 using the SAFE scaffold morphing method
smiles_614,string,,Generated molecule index 614 using the SAFE scaffold morphing method
smiles_615,string,,Generated molecule index 615 using the SAFE scaffold morphing method
smiles_616,string,,Generated molecule index 616 using the SAFE scaffold morphing method
smiles_617,string,,Generated molecule index 617 using the SAFE scaffold morphing method
smiles_618,string,,Generated molecule index 618 using the SAFE scaffold morphing method
smiles_619,string,,Generated molecule index 619 using the SAFE scaffold morphing method
smiles_620,string,,Generated molecule index 620 using the SAFE scaffold morphing method
smiles_621,string,,Generated molecule index 621 using the SAFE scaffold morphing method
smiles_622,string,,Generated molecule index 622 using the SAFE scaffold morphing method
smiles_623,string,,Generated molecule index 623 using the SAFE scaffold morphing method
smiles_624,string,,Generated molecule index 624 using the SAFE scaffold morphing method
smiles_625,string,,Generated molecule index 625 using the SAFE scaffold morphing method
smiles_626,string,,Generated molecule index 626 using the SAFE scaffold morphing method
smiles_627,string,,Generated molecule index 627 using the SAFE scaffold morphing method
smiles_628,string,,Generated molecule index 628 using the SAFE scaffold morphing method
smiles_629,string,,Generated molecule index 629 using the SAFE scaffold morphing method
smiles_630,string,,Generated molecule index 630 using the SAFE scaffold morphing method
smiles_631,string,,Generated molecule index 631 using the SAFE scaffold morphing method
smiles_632,string,,Generated molecule index 632 using the SAFE scaffold morphing method
smiles_633,string,,Generated molecule index 633 using the SAFE scaffold morphing method
smiles_634,string,,Generated molecule index 634 using the SAFE scaffold morphing method
smiles_635,string,,Generated molecule index 635 using the SAFE scaffold morphing method
smiles_636,string,,Generated molecule index 636 using the SAFE scaffold morphing method
smiles_637,string,,Generated molecule index 637 using the SAFE scaffold morphing method
smiles_638,string,,Generated molecule index 638 using the SAFE scaffold morphing method
smiles_639,string,,Generated molecule index 639 using the SAFE scaffold morphing method
smiles_640,string,,Generated molecule index 640 using the SAFE scaffold morphing method
smiles_641,string,,Generated molecule index 641 using the SAFE scaffold morphing method
smiles_642,string,,Generated molecule index 642 using the SAFE scaffold morphing method
smiles_643,string,,Generated molecule index 643 using the SAFE scaffold morphing method
smiles_644,string,,Generated molecule index 644 using the SAFE scaffold morphing method
smiles_645,string,,Generated molecule index 645 using the SAFE scaffold morphing method
smiles_646,string,,Generated molecule index 646 using the SAFE scaffold morphing method
smiles_647,string,,Generated molecule index 647 using the SAFE scaffold morphing method
smiles_648,string,,Generated molecule index 648 using the SAFE scaffold morphing method
smiles_649,string,,Generated molecule index 649 using the SAFE scaffold morphing method
smiles_650,string,,Generated molecule index 650 using the SAFE scaffold morphing method
smiles_651,string,,Generated molecule index 651 using the SAFE scaffold morphing method
smiles_652,string,,Generated molecule index 652 using the SAFE scaffold morphing method
smiles_653,string,,Generated molecule index 653 using the SAFE scaffold morphing method
smiles_654,string,,Generated molecule index 654 using the SAFE scaffold morphing method
smiles_655,string,,Generated molecule index 655 using the SAFE scaffold morphing method
smiles_656,string,,Generated molecule index 656 using the SAFE scaffold morphing method
smiles_657,string,,Generated molecule index 657 using the SAFE scaffold morphing method
smiles_658,string,,Generated molecule index 658 using the SAFE scaffold morphing method
smiles_659,string,,Generated molecule index 659 using the SAFE scaffold morphing method
smiles_660,string,,Generated molecule index 660 using the SAFE scaffold morphing method
smiles_661,string,,Generated molecule index 661 using the SAFE scaffold morphing method
smiles_662,string,,Generated molecule index 662 using the SAFE scaffold morphing method
smiles_663,string,,Generated molecule index 663 using the SAFE scaffold morphing method
smiles_664,string,,Generated molecule index 664 using the SAFE scaffold morphing method
smiles_665,string,,Generated molecule index 665 using the SAFE scaffold morphing method
smiles_666,string,,Generated molecule index 666 using the SAFE scaffold morphing method
smiles_667,string,,Generated molecule index 667 using the SAFE scaffold morphing method
smiles_668,string,,Generated molecule index 668 using the SAFE scaffold morphing method
smiles_669,string,,Generated molecule index 669 using the SAFE scaffold morphing method
smiles_670,string,,Generated molecule index 670 using the SAFE scaffold morphing method
smiles_671,string,,Generated molecule index 671 using the SAFE scaffold morphing method
smiles_672,string,,Generated molecule index 672 using the SAFE scaffold morphing method
smiles_673,string,,Generated molecule index 673 using the SAFE scaffold morphing method
smiles_674,string,,Generated molecule index 674 using the SAFE scaffold morphing method
smiles_675,string,,Generated molecule index 675 using the SAFE scaffold morphing method
smiles_676,string,,Generated molecule index 676 using the SAFE scaffold morphing method
smiles_677,string,,Generated molecule index 677 using the SAFE scaffold morphing method
smiles_678,string,,Generated molecule index 678 using the SAFE scaffold morphing method
smiles_679,string,,Generated molecule index 679 using the SAFE scaffold morphing method
smiles_680,string,,Generated molecule index 680 using the SAFE scaffold morphing method
smiles_681,string,,Generated molecule index 681 using the SAFE scaffold morphing method
smiles_682,string,,Generated molecule index 682 using the SAFE scaffold morphing method
smiles_683,string,,Generated molecule index 683 using the SAFE scaffold morphing method
smiles_684,string,,Generated molecule index 684 using the SAFE scaffold morphing method
smiles_685,string,,Generated molecule index 685 using the SAFE scaffold morphing method
smiles_686,string,,Generated molecule index 686 using the SAFE scaffold morphing method
smiles_687,string,,Generated molecule index 687 using the SAFE scaffold morphing method
smiles_688,string,,Generated molecule index 688 using the SAFE scaffold morphing method
smiles_689,string,,Generated molecule index 689 using the SAFE scaffold morphing method
smiles_690,string,,Generated molecule index 690 using the SAFE scaffold morphing method
smiles_691,string,,Generated molecule index 691 using the SAFE scaffold morphing method
smiles_692,string,,Generated molecule index 692 using the SAFE scaffold morphing method
smiles_693,string,,Generated molecule index 693 using the SAFE scaffold morphing method
smiles_694,string,,Generated molecule index 694 using the SAFE scaffold morphing method
smiles_695,string,,Generated molecule index 695 using the SAFE scaffold morphing method
smiles_696,string,,Generated molecule index 696 using the SAFE scaffold morphing method
smiles_697,string,,Generated molecule index 697 using the SAFE scaffold morphing method
smiles_698,string,,Generated molecule index 698 using the SAFE scaffold morphing method
smiles_699,string,,Generated molecule index 699 using the SAFE scaffold morphing method
smiles_700,string,,Generated molecule index 700 using the SAFE scaffold morphing method
smiles_701,string,,Generated molecule index 701 using the SAFE scaffold morphing method
smiles_702,string,,Generated molecule index 702 using the SAFE scaffold morphing method
smiles_703,string,,Generated molecule index 703 using the SAFE scaffold morphing method
smiles_704,string,,Generated molecule index 704 using the SAFE scaffold morphing method
smiles_705,string,,Generated molecule index 705 using the SAFE scaffold morphing method
smiles_706,string,,Generated molecule index 706 using the SAFE scaffold morphing method
smiles_707,string,,Generated molecule index 707 using the SAFE scaffold morphing method
smiles_708,string,,Generated molecule index 708 using the SAFE scaffold morphing method
smiles_709,string,,Generated molecule index 709 using the SAFE scaffold morphing method
smiles_710,string,,Generated molecule index 710 using the SAFE scaffold morphing method
smiles_711,string,,Generated molecule index 711 using the SAFE scaffold morphing method
smiles_712,string,,Generated molecule index 712 using the SAFE scaffold morphing method
smiles_713,string,,Generated molecule index 713 using the SAFE scaffold morphing method
smiles_714,string,,Generated molecule index 714 using the SAFE scaffold morphing method
smiles_715,string,,Generated molecule index 715 using the SAFE scaffold morphing method
smiles_716,string,,Generated molecule index 716 using the SAFE scaffold morphing method
smiles_717,string,,Generated molecule index 717 using the SAFE scaffold morphing method
smiles_718,string,,Generated molecule index 718 using the SAFE scaffold morphing method
smiles_719,string,,Generated molecule index 719 using the SAFE scaffold morphing method
smiles_720,string,,Generated molecule index 720 using the SAFE scaffold morphing method
smiles_721,string,,Generated molecule index 721 using the SAFE scaffold morphing method
smiles_722,string,,Generated molecule index 722 using the SAFE scaffold morphing method
smiles_723,string,,Generated molecule index 723 using the SAFE scaffold morphing method
smiles_724,string,,Generated molecule index 724 using the SAFE scaffold morphing method
smiles_725,string,,Generated molecule index 725 using the SAFE scaffold morphing method
smiles_726,string,,Generated molecule index 726 using the SAFE scaffold morphing method
smiles_727,string,,Generated molecule index 727 using the SAFE scaffold morphing method
smiles_728,string,,Generated molecule index 728 using the SAFE scaffold morphing method
smiles_729,string,,Generated molecule index 729 using the SAFE scaffold morphing method
smiles_730,string,,Generated molecule index 730 using the SAFE scaffold morphing method
smiles_731,string,,Generated molecule index 731 using the SAFE scaffold morphing method
smiles_732,string,,Generated molecule index 732 using the SAFE scaffold morphing method
smiles_733,string,,Generated molecule index 733 using the SAFE scaffold morphing method
smiles_734,string,,Generated molecule index 734 using the SAFE scaffold morphing method
smiles_735,string,,Generated molecule index 735 using the SAFE scaffold morphing method
smiles_736,string,,Generated molecule index 736 using the SAFE scaffold morphing method
smiles_737,string,,Generated molecule index 737 using the SAFE scaffold morphing method
smiles_738,string,,Generated molecule index 738 using the SAFE scaffold morphing method
smiles_739,string,,Generated molecule index 739 using the SAFE scaffold morphing method
smiles_740,string,,Generated molecule index 740 using the SAFE scaffold morphing method
smiles_741,string,,Generated molecule index 741 using the SAFE scaffold morphing method
smiles_742,string,,Generated molecule index 742 using the SAFE scaffold morphing method
smiles_743,string,,Generated molecule index 743 using the SAFE scaffold morphing method
smiles_744,string,,Generated molecule index 744 using the SAFE scaffold morphing method
smiles_745,string,,Generated molecule index 745 using the SAFE scaffold morphing method
smiles_746,string,,Generated molecule index 746 using the SAFE scaffold morphing method
smiles_747,string,,Generated molecule index 747 using the SAFE scaffold morphing method
smiles_748,string,,Generated molecule index 748 using the SAFE scaffold morphing method
smiles_749,string,,Generated molecule index 749 using the SAFE scaffold morphing method
smiles_750,string,,Generated molecule index 750 using the SAFE scaffold morphing method
smiles_751,string,,Generated molecule index 751 using the SAFE scaffold morphing method
smiles_752,string,,Generated molecule index 752 using the SAFE scaffold morphing method
smiles_753,string,,Generated molecule index 753 using the SAFE scaffold morphing method
smiles_754,string,,Generated molecule index 754 using the SAFE scaffold morphing method
smiles_755,string,,Generated molecule index 755 using the SAFE scaffold morphing method
smiles_756,string,,Generated molecule index 756 using the SAFE scaffold morphing method
smiles_757,string,,Generated molecule index 757 using the SAFE scaffold morphing method
smiles_758,string,,Generated molecule index 758 using the SAFE scaffold morphing method
smiles_759,string,,Generated molecule index 759 using the SAFE scaffold morphing method
smiles_760,string,,Generated molecule index 760 using the SAFE scaffold morphing method
smiles_761,string,,Generated molecule index 761 using the SAFE scaffold morphing method
smiles_762,string,,Generated molecule index 762 using the SAFE scaffold morphing method
smiles_763,string,,Generated molecule index 763 using the SAFE scaffold morphing method
smiles_764,string,,Generated molecule index 764 using the SAFE scaffold morphing method
smiles_765,string,,Generated molecule index 765 using the SAFE scaffold morphing method
smiles_766,string,,Generated molecule index 766 using the SAFE scaffold morphing method
smiles_767,string,,Generated molecule index 767 using the SAFE scaffold morphing method
smiles_768,string,,Generated molecule index 768 using the SAFE scaffold morphing method
smiles_769,string,,Generated molecule index 769 using the SAFE scaffold morphing method
smiles_770,string,,Generated molecule index 770 using the SAFE scaffold morphing method
smiles_771,string,,Generated molecule index 771 using the SAFE scaffold morphing method
smiles_772,string,,Generated molecule index 772 using the SAFE scaffold morphing method
smiles_773,string,,Generated molecule index 773 using the SAFE scaffold morphing method
smiles_774,string,,Generated molecule index 774 using the SAFE scaffold morphing method
smiles_775,string,,Generated molecule index 775 using the SAFE scaffold morphing method
smiles_776,string,,Generated molecule index 776 using the SAFE scaffold morphing method
smiles_777,string,,Generated molecule index 777 using the SAFE scaffold morphing method
smiles_778,string,,Generated molecule index 778 using the SAFE scaffold morphing method
smiles_779,string,,Generated molecule index 779 using the SAFE scaffold morphing method
smiles_780,string,,Generated molecule index 780 using the SAFE scaffold morphing method
smiles_781,string,,Generated molecule index 781 using the SAFE scaffold morphing method
smiles_782,string,,Generated molecule index 782 using the SAFE scaffold morphing method
smiles_783,string,,Generated molecule index 783 using the SAFE scaffold morphing method
smiles_784,string,,Generated molecule index 784 using the SAFE scaffold morphing method
smiles_785,string,,Generated molecule index 785 using the SAFE scaffold morphing method
smiles_786,string,,Generated molecule index 786 using the SAFE scaffold morphing method
smiles_787,string,,Generated molecule index 787 using the SAFE scaffold morphing method
smiles_788,string,,Generated molecule index 788 using the SAFE scaffold morphing method
smiles_789,string,,Generated molecule index 789 using the SAFE scaffold morphing method
smiles_790,string,,Generated molecule index 790 using the SAFE scaffold morphing method
smiles_791,string,,Generated molecule index 791 using the SAFE scaffold morphing method
smiles_792,string,,Generated molecule index 792 using the SAFE scaffold morphing method
smiles_793,string,,Generated molecule index 793 using the SAFE scaffold morphing method
smiles_794,string,,Generated molecule index 794 using the SAFE scaffold morphing method
smiles_795,string,,Generated molecule index 795 using the SAFE scaffold morphing method
smiles_796,string,,Generated molecule index 796 using the SAFE scaffold morphing method
smiles_797,string,,Generated molecule index 797 using the SAFE scaffold morphing method
smiles_798,string,,Generated molecule index 798 using the SAFE scaffold morphing method
smiles_799,string,,Generated molecule index 799 using the SAFE scaffold morphing method
smiles_800,string,,Generated molecule index 800 using the SAFE scaffold morphing method
smiles_801,string,,Generated molecule index 801 using the SAFE scaffold morphing method
smiles_802,string,,Generated molecule index 802 using the SAFE scaffold morphing method
smiles_803,string,,Generated molecule index 803 using the SAFE scaffold morphing method
smiles_804,string,,Generated molecule index 804 using the SAFE scaffold morphing method
smiles_805,string,,Generated molecule index 805 using the SAFE scaffold morphing method
smiles_806,string,,Generated molecule index 806 using the SAFE scaffold morphing method
smiles_807,string,,Generated molecule index 807 using the SAFE scaffold morphing method
smiles_808,string,,Generated molecule index 808 using the SAFE scaffold morphing method
smiles_809,string,,Generated molecule index 809 using the SAFE scaffold morphing method
smiles_810,string,,Generated molecule index 810 using the SAFE scaffold morphing method
smiles_811,string,,Generated molecule index 811 using the SAFE scaffold morphing method
smiles_812,string,,Generated molecule index 812 using the SAFE scaffold morphing method
smiles_813,string,,Generated molecule index 813 using the SAFE scaffold morphing method
smiles_814,string,,Generated molecule index 814 using the SAFE scaffold morphing method
smiles_815,string,,Generated molecule index 815 using the SAFE scaffold morphing method
smiles_816,string,,Generated molecule index 816 using the SAFE scaffold morphing method
smiles_817,string,,Generated molecule index 817 using the SAFE scaffold morphing method
smiles_818,string,,Generated molecule index 818 using the SAFE scaffold morphing method
smiles_819,string,,Generated molecule index 819 using the SAFE scaffold morphing method
smiles_820,string,,Generated molecule index 820 using the SAFE scaffold morphing method
smiles_821,string,,Generated molecule index 821 using the SAFE scaffold morphing method
smiles_822,string,,Generated molecule index 822 using the SAFE scaffold morphing method
smiles_823,string,,Generated molecule index 823 using the SAFE scaffold morphing method
smiles_824,string,,Generated molecule index 824 using the SAFE scaffold morphing method
smiles_825,string,,Generated molecule index 825 using the SAFE scaffold morphing method
smiles_826,string,,Generated molecule index 826 using the SAFE scaffold morphing method
smiles_827,string,,Generated molecule index 827 using the SAFE scaffold morphing method
smiles_828,string,,Generated molecule index 828 using the SAFE scaffold morphing method
smiles_829,string,,Generated molecule index 829 using the SAFE scaffold morphing method
smiles_830,string,,Generated molecule index 830 using the SAFE scaffold morphing method
smiles_831,string,,Generated molecule index 831 using the SAFE scaffold morphing method
smiles_832,string,,Generated molecule index 832 using the SAFE scaffold morphing method
smiles_833,string,,Generated molecule index 833 using the SAFE scaffold morphing method
smiles_834,string,,Generated molecule index 834 using the SAFE scaffold morphing method
smiles_835,string,,Generated molecule index 835 using the SAFE scaffold morphing method
smiles_836,string,,Generated molecule index 836 using the SAFE scaffold morphing method
smiles_837,string,,Generated molecule index 837 using the SAFE scaffold morphing method
smiles_838,string,,Generated molecule index 838 using the SAFE scaffold morphing method
smiles_839,string,,Generated molecule index 839 using the SAFE scaffold morphing method
smiles_840,string,,Generated molecule index 840 using the SAFE scaffold morphing method
smiles_841,string,,Generated molecule index 841 using the SAFE scaffold morphing method
smiles_842,string,,Generated molecule index 842 using the SAFE scaffold morphing method
smiles_843,string,,Generated molecule index 843 using the SAFE scaffold morphing method
smiles_844,string,,Generated molecule index 844 using the SAFE scaffold morphing method
smiles_845,string,,Generated molecule index 845 using the SAFE scaffold morphing method
smiles_846,string,,Generated molecule index 846 using the SAFE scaffold morphing method
smiles_847,string,,Generated molecule index 847 using the SAFE scaffold morphing method
smiles_848,string,,Generated molecule index 848 using the SAFE scaffold morphing method
smiles_849,string,,Generated molecule index 849 using the SAFE scaffold morphing method
smiles_850,string,,Generated molecule index 850 using the SAFE scaffold morphing method
smiles_851,string,,Generated molecule index 851 using the SAFE scaffold morphing method
smiles_852,string,,Generated molecule index 852 using the SAFE scaffold morphing method
smiles_853,string,,Generated molecule index 853 using the SAFE scaffold morphing method
smiles_854,string,,Generated molecule index 854 using the SAFE scaffold morphing method
smiles_855,string,,Generated molecule index 855 using the SAFE scaffold morphing method
smiles_856,string,,Generated molecule index 856 using the SAFE scaffold morphing method
smiles_857,string,,Generated molecule index 857 using the SAFE scaffold morphing method
smiles_858,string,,Generated molecule index 858 using the SAFE scaffold morphing method
smiles_859,string,,Generated molecule index 859 using the SAFE scaffold morphing method
smiles_860,string,,Generated molecule index 860 using the SAFE scaffold morphing method
smiles_861,string,,Generated molecule index 861 using the SAFE scaffold morphing method
smiles_862,string,,Generated molecule index 862 using the SAFE scaffold morphing method
smiles_863,string,,Generated molecule index 863 using the SAFE scaffold morphing method
smiles_864,string,,Generated molecule index 864 using the SAFE scaffold morphing method
smiles_865,string,,Generated molecule index 865 using the SAFE scaffold morphing method
smiles_866,string,,Generated molecule index 866 using the SAFE scaffold morphing method
smiles_867,string,,Generated molecule index 867 using the SAFE scaffold morphing method
smiles_868,string,,Generated molecule index 868 using the SAFE scaffold morphing method
smiles_869,string,,Generated molecule index 869 using the SAFE scaffold morphing method
smiles_870,string,,Generated molecule index 870 using the SAFE scaffold morphing method
smiles_871,string,,Generated molecule index 871 using the SAFE scaffold morphing method
smiles_872,string,,Generated molecule index 872 using the SAFE scaffold morphing method
smiles_873,string,,Generated molecule index 873 using the SAFE scaffold morphing method
smiles_874,string,,Generated molecule index 874 using the SAFE scaffold morphing method
smiles_875,string,,Generated molecule index 875 using the SAFE scaffold morphing method
smiles_876,string,,Generated molecule index 876 using the SAFE scaffold morphing method
smiles_877,string,,Generated molecule index 877 using the SAFE scaffold morphing method
smiles_878,string,,Generated molecule index 878 using the SAFE scaffold morphing method
smiles_879,string,,Generated molecule index 879 using the SAFE scaffold morphing method
smiles_880,string,,Generated molecule index 880 using the SAFE scaffold morphing method
smiles_881,string,,Generated molecule index 881 using the SAFE scaffold morphing method
smiles_882,string,,Generated molecule index 882 using the SAFE scaffold morphing method
smiles_883,string,,Generated molecule index 883 using the SAFE scaffold morphing method
smiles_884,string,,Generated molecule index 884 using the SAFE scaffold morphing method
smiles_885,string,,Generated molecule index 885 using the SAFE scaffold morphing method
smiles_886,string,,Generated molecule index 886 using the SAFE scaffold morphing method
smiles_887,string,,Generated molecule index 887 using the SAFE scaffold morphing method
smiles_888,string,,Generated molecule index 888 using the SAFE scaffold morphing method
smiles_889,string,,Generated molecule index 889 using the SAFE scaffold morphing method
smiles_890,string,,Generated molecule index 890 using the SAFE scaffold morphing method
smiles_891,string,,Generated molecule index 891 using the SAFE scaffold morphing method
smiles_892,string,,Generated molecule index 892 using the SAFE scaffold morphing method
smiles_893,string,,Generated molecule index 893 using the SAFE scaffold morphing method
smiles_894,string,,Generated molecule index 894 using the SAFE scaffold morphing method
smiles_895,string,,Generated molecule index 895 using the SAFE scaffold morphing method
smiles_896,string,,Generated molecule index 896 using the SAFE scaffold morphing method
smiles_897,string,,Generated molecule index 897 using the SAFE scaffold morphing method
smiles_898,string,,Generated molecule index 898 using the SAFE scaffold morphing method
smiles_899,string,,Generated molecule index 899 using the SAFE scaffold morphing method
smiles_900,string,,Generated molecule index 900 using the SAFE scaffold morphing method
smiles_901,string,,Generated molecule index 901 using the SAFE scaffold morphing method
smiles_902,string,,Generated molecule index 902 using the SAFE scaffold morphing method
smiles_903,string,,Generated molecule index 903 using the SAFE scaffold morphing method
smiles_904,string,,Generated molecule index 904 using the SAFE scaffold morphing method
smiles_905,string,,Generated molecule index 905 using the SAFE scaffold morphing method
smiles_906,string,,Generated molecule index 906 using the SAFE scaffold morphing method
smiles_907,string,,Generated molecule index 907 using the SAFE scaffold morphing method
smiles_908,string,,Generated molecule index 908 using the SAFE scaffold morphing method
smiles_909,string,,Generated molecule index 909 using the SAFE scaffold morphing method
smiles_910,string,,Generated molecule index 910 using the SAFE scaffold morphing method
smiles_911,string,,Generated molecule index 911 using the SAFE scaffold morphing method
smiles_912,string,,Generated molecule index 912 using the SAFE scaffold morphing method
smiles_913,string,,Generated molecule index 913 using the SAFE scaffold morphing method
smiles_914,string,,Generated molecule index 914 using the SAFE scaffold morphing method
smiles_915,string,,Generated molecule index 915 using the SAFE scaffold morphing method
smiles_916,string,,Generated molecule index 916 using the SAFE scaffold morphing method
smiles_917,string,,Generated molecule index 917 using the SAFE scaffold morphing method
smiles_918,string,,Generated molecule index 918 using the SAFE scaffold morphing method
smiles_919,string,,Generated molecule index 919 using the SAFE scaffold morphing method
smiles_920,string,,Generated molecule index 920 using the SAFE scaffold morphing method
smiles_921,string,,Generated molecule index 921 using the SAFE scaffold morphing method
smiles_922,string,,Generated molecule index 922 using the SAFE scaffold morphing method
smiles_923,string,,Generated molecule index 923 using the SAFE scaffold morphing method
smiles_924,string,,Generated molecule index 924 using the SAFE scaffold morphing method
smiles_925,string,,Generated molecule index 925 using the SAFE scaffold morphing method
smiles_926,string,,Generated molecule index 926 using the SAFE scaffold morphing method
smiles_927,string,,Generated molecule index 927 using the SAFE scaffold morphing method
smiles_928,string,,Generated molecule index 928 using the SAFE scaffold morphing method
smiles_929,string,,Generated molecule index 929 using the SAFE scaffold morphing method
smiles_930,string,,Generated molecule index 930 using the SAFE scaffold morphing method
smiles_931,string,,Generated molecule index 931 using the SAFE scaffold morphing method
smiles_932,string,,Generated molecule index 932 using the SAFE scaffold morphing method
smiles_933,string,,Generated molecule index 933 using the SAFE scaffold morphing method
smiles_934,string,,Generated molecule index 934 using the SAFE scaffold morphing method
smiles_935,string,,Generated molecule index 935 using the SAFE scaffold morphing method
smiles_936,string,,Generated molecule index 936 using the SAFE scaffold morphing method
smiles_937,string,,Generated molecule index 937 using the SAFE scaffold morphing method
smiles_938,string,,Generated molecule index 938 using the SAFE scaffold morphing method
smiles_939,string,,Generated molecule index 939 using the SAFE scaffold morphing method
smiles_940,string,,Generated molecule index 940 using the SAFE scaffold morphing method
smiles_941,string,,Generated molecule index 941 using the SAFE scaffold morphing method
smiles_942,string,,Generated molecule index 942 using the SAFE scaffold morphing method
smiles_943,string,,Generated molecule index 943 using the SAFE scaffold morphing method
smiles_944,string,,Generated molecule index 944 using the SAFE scaffold morphing method
smiles_945,string,,Generated molecule index 945 using the SAFE scaffold morphing method
smiles_946,string,,Generated molecule index 946 using the SAFE scaffold morphing method
smiles_947,string,,Generated molecule index 947 using the SAFE scaffold morphing method
smiles_948,string,,Generated molecule index 948 using the SAFE scaffold morphing method
smiles_949,string,,Generated molecule index 949 using the SAFE scaffold morphing method
smiles_950,string,,Generated molecule index 950 using the SAFE scaffold morphing method
smiles_951,string,,Generated molecule index 951 using the SAFE scaffold morphing method
smiles_952,string,,Generated molecule index 952 using the SAFE scaffold morphing method
smiles_953,string,,Generated molecule index 953 using the SAFE scaffold morphing method
smiles_954,string,,Generated molecule index 954 using the SAFE scaffold morphing method
smiles_955,string,,Generated molecule index 955 using the SAFE scaffold morphing method
smiles_956,string,,Generated molecule index 956 using the SAFE scaffold morphing method
smiles_957,string,,Generated molecule index 957 using the SAFE scaffold morphing method
smiles_958,string,,Generated molecule index 958 using the SAFE scaffold morphing method
smiles_959,string,,Generated molecule index 959 using the SAFE scaffold morphing method
smiles_960,string,,Generated molecule index 960 using the SAFE scaffold morphing method
smiles_961,string,,Generated molecule index 961 using the SAFE scaffold morphing method
smiles_962,string,,Generated molecule index 962 using the SAFE scaffold morphing method
smiles_963,string,,Generated molecule index 963 using the SAFE scaffold morphing method
smiles_964,string,,Generated molecule index 964 using the SAFE scaffold morphing method
smiles_965,string,,Generated molecule index 965 using the SAFE scaffold morphing method
smiles_966,string,,Generated molecule index 966 using the SAFE scaffold morphing method
smiles_967,string,,Generated molecule index 967 using the SAFE scaffold morphing method
smiles_968,string,,Generated molecule index 968 using the SAFE scaffold morphing method
smiles_969,string,,Generated molecule index 969 using the SAFE scaffold morphing method
smiles_970,string,,Generated molecule index 970 using the SAFE scaffold morphing method
smiles_971,string,,Generated molecule index 971 using the SAFE scaffold morphing method
smiles_972,string,,Generated molecule index 972 using the SAFE scaffold morphing method
smiles_973,string,,Generated molecule index 973 using the SAFE scaffold morphing method
smiles_974,string,,Generated molecule index 974 using the SAFE scaffold morphing method
smiles_975,string,,Generated molecule index 975 using the SAFE scaffold morphing method
smiles_976,string,,Generated molecule index 976 using the SAFE scaffold morphing method
smiles_977,string,,Generated molecule index 977 using the SAFE scaffold morphing method
smiles_978,string,,Generated molecule index 978 using the SAFE scaffold morphing method
smiles_979,string,,Generated molecule index 979 using the SAFE scaffold morphing method
smiles_980,string,,Generated molecule index 980 using the SAFE scaffold morphing method
smiles_981,string,,Generated molecule index 981 using the SAFE scaffold morphing method
smiles_982,string,,Generated molecule index 982 using the SAFE scaffold morphing method
smiles_983,string,,Generated molecule index 983 using the SAFE scaffold morphing method
smiles_984,string,,Generated molecule index 984 using the SAFE scaffold morphing method
smiles_985,string,,Generated molecule index 985 using the SAFE scaffold morphing method
smiles_986,string,,Generated molecule index 986 using the SAFE scaffold morphing method
smiles_987,string,,Generated molecule index 987 using the SAFE scaffold morphing method
smiles_988,string,,Generated molecule index 988 using the SAFE scaffold morphing method
smiles_989,string,,Generated molecule index 989 using the SAFE scaffold morphing method
smiles_990,string,,Generated molecule index 990 using the SAFE scaffold morphing method
smiles_991,string,,Generated molecule index 991 using the SAFE scaffold morphing method
smiles_992,string,,Generated molecule index 992 using the SAFE scaffold morphing method
smiles_993,string,,Generated molecule index 993 using the SAFE scaffold morphing method
smiles_994,string,,Generated molecule index 994 using the SAFE scaffold morphing method
smiles_995,string,,Generated molecule index 995 using the SAFE scaffold morphing method
smiles_996,string,,Generated molecule index 996 using the SAFE scaffold morphing method
smiles_997,string,,Generated molecule index 997 using the SAFE scaffold morphing method
smiles_998,string,,Generated molecule index 998 using the SAFE scaffold morphing method
smiles_999,string,,Generated molecule index 999 using the SAFE scaffold morphing method
